employee_id,department,laptop_hours,smartphone_hours,streaming_hours,emails,ai_queries,meeting_hours
EMP001,Engineering,7.5,1.5,0.5,18,32,4.0
EMP002,Engineering,8.0,1.0,1.0,12,45,2.5
EMP003,Engineering,6.5,2.0,0.0,22,28,5.0
EMP004,Engineering,7.0,1.2,0.5,15,35,3.0
EMP005,Engineering,8.5,0.8,1.5,10,50,2.0
EMP006,Engineering,6.0,1.8,0.5,25,20,6.0
EMP007,Engineering,7.2,1.4,1.0,16,40,3.5
EMP008,Engineering,8.0,1.0,0.5,14,38,2.0
EMP009,Engineering,7.8,1.5,1.2,20,42,4.0
EMP010,Engineering,6.8,2.2,0.0,18,25,5.5
EMP011,Product,7.0,2.0,1.5,30,22,8.0
EMP012,Product,6.5,2.5,2.0,35,18,7.5
EMP013,Product,7.5,1.8,1.0,28,25,6.0
EMP014,Product,6.0,3.0,1.5,40,15,9.0
EMP015,Product,7.2,2.2,0.8,32,20,7.0
EMP016,Marketing,6.0,3.5,3.0,45,18,5.0
EMP017,Marketing,5.5,4.0,3.5,50,15,4.5
EMP018,Marketing,6.5,3.0,2.5,42,22,6.0
EMP019,Marketing,5.8,3.8,3.2,48,20,5.5
EMP020,Marketing,6.2,3.2,2.8,44,16,4.0
EMP021,Marketing,5.0,4.2,4.0,55,12,3.5
EMP022,Sales,5.5,4.5,1.0,60,10,7.0
EMP023,Sales,5.0,5.0,1.5,70,8,8.5
EMP024,Sales,6.0,4.0,0.8,55,12,6.5
EMP025,Sales,4.8,5.2,1.2,75,6,9.0
EMP026,Sales,5.2,4.8,1.0,68,10,8.0
EMP027,Sales,5.8,3.8,1.5,58,14,7.5
EMP028,Sales,5.0,4.6,0.5,65,9,8.0
EMP029,Human Resources,6.0,2.0,0.5,40,6,5.0
EMP030,Human Resources,6.5,1.8,1.0,45,8,4.5
EMP031,Human Resources,5.5,2.2,0.8,38,5,6.0
EMP032,Human Resources,6.2,1.5,0.5,42,7,5.5
EMP033,Human Resources,5.8,2.0,1.2,48,4,4.0
EMP034,Finance,7.5,1.2,0.2,25,10,3.0
EMP035,Finance,8.0,1.0,0.5,22,12,2.5
EMP036,Finance,7.0,1.5,0.0,28,8,4.0
EMP037,Finance,8.2,0.8,0.0,20,15,2.0
EMP038,Finance,7.8,1.4,0.5,24,11,3.5
EMP039,Customer Support,6.5,2.5,1.0,52,14,4.0
EMP040,Customer Support,7.0,2.2,1.5,58,16,3.5
EMP041,Customer Support,6.0,2.8,1.2,48,12,4.5
EMP042,Customer Support,6.8,2.0,0.8,50,15,5.0
EMP042,Customer Support,6.8,2.0,0.8,50,15,5.0
EMP043,Operations,6.2,2.5,0.8,35,8,6.0
EMP044,Operations,6.5,2.0,1.0,38,10,5.5
EMP045,Operations,5.8,2.8,0.5,32,7,6.5
EMP046,Operations,6.0,2.2,1.2,40,9,5.0
EMP047,Engineering,7.6,1.4,0.8,17,36,3.0
EMP048,Engineering,8.2,1.1,0.5,13,44,2.5
EMP049,Engineering,6.9,1.8,1.0,19,30,4.5
EMP050,Product,7.1,2.1,1.2,33,21,7.0
EMP051,Marketing,5.9,3.6,3.1,46,19,5.0
EMP052,Sales,5.3,4.7,1.1,66,11,8.0
EMP053,Human Resources,6.1,1.9,0.7,41,6,5.0
EMP054,Finance,7.7,1.1,0.3,23,13,3.0
EMP055,Customer Support,6.6,2.4,1.1,54,15,4.0
EMP056,Operations,6.1,2.4,0.9,36,8,5.5
EMP057,Engineering,7.4,1.6,0.6,21,34,3.5
EMP058,Sales,5.1,4.9,0.9,72,7,8.5
EMP059,Marketing,6.1,3.4,2.9,43,17,4.5
EMP060,Finance,8.1,0.9,0.4,21,14,2.5
EMP061,Engineering,-2.0,1.5,0.5,15,30,3.0
EMP062,Marketing,6.0,,2.0,40,15,4.0
